Workbook
Name LISTA_N_SERIES: 'BUSQUEDA'!$I$2:$I$3993

Sheet TARJETA DIGITAL
D2: TARJETA DE INSPECCIÓN DE EXTINTORES NORMA NTP 833.030-2001
B6: EL SERVICIO VENCE EL AÑO Y MES PERFORADO EN EL STICKER DE CONTROL ADHERIDO AL EXTINTOR
B9: TARJETA DE INSPECCIÓN N° | D9: =IFERROR(VLOOKUP(TRIM(H12),BUSQUEDA!$A$2:$G$5568,2,FALSE),"")
B10: CLIENTE | D10: =IFERROR(VLOOKUP(TRIM(H12),BUSQUEDA!$A$2:$G$5568,3,FALSE),"")
B11: DIRECCIÓN | D11: =IFERROR(VLOOKUP(TRIM(H12),BUSQUEDA!$A$2:$G$5568,4,FALSE),"")
B12: EXTINTOR N° | D12: =IFERROR(VLOOKUP(TRIM(H12),BUSQUEDA!$A$2:$G$5568,5,FALSE),"") | F12: N° DE SERIE
B13: CAPACIDAD DE CARGA | D13: =IFERROR(VLOOKUP(TRIM(H12),BUSQUEDA!$A$2:$G$5568,6,FALSE),"") | F13: TIPO | H13: =IFERROR(VLOOKUP(TRIM(H12),BUSQUEDA!$A$2:$G$5568,7,FALSE),"")
B15: FECHA | E15: INSPECTOR | H15: OBSERVACIONES
B16: =TODAY() | H16: NINGUNA
B17: =TODAY() | H17: NINGUNA
B18: =TODAY() | H18: NINGUNA
B19: =TODAY() | H19: NINGUNA
B20: =TODAY() | H20: NINGUNA
B21: =TODAY() | H21: NINGUNA
B22: =TODAY() | H22: NINGUNA
B23: =TODAY() | H23: NINGUNA
B24: =TODAY() | H24: NINGUNA
B25: =TODAY() | H25: NINGUNA
B26: =TODAY() | H26: NINGUNA
B28: FECHA DE VENCIMIENTO DE RECARGA / PRÓXIMO MANTENIMIENTO | G28: =TODAY()
B29: FECHA DE PRÓXIMA PRUEBA HIDROSTÁTICA | G29: =EDATE(G28,60)
B31: GARANTÍA DE FUNCIONAMIENTO 12 MESES
B34: DISTRIBUIDO POR GEXSA SOLUTIONS | VENTA, MANTENIMIENTO Y RECARGA DE EXTINTORES AV. TÚPAC AMARU N° 7459 – AÑO NUEVO – COMAS – LIMA | (01) 397-9709
B38: DESCRIPCIÓN DE OBSERVACIONES
B40: 1. MAL UBICADO | F40: 2. ACCESO OBSTRUIDO
B41: 3. ZONA Y/O EXTINTOR NO NUMERADOS | F41: 4. CARECE/ILEGIBLE PICTOGRAMA DE CLASE DE FUEGO
B42: 5. CARECE/ILEGIBLE DE FORMA DE USO | F42: 6. CARECE/ILEGIBLE ETIQUETA DE RECARGA
B43: 7. NO IDENTIFICA TIPO DE CARGA, N° DE PARTE Y/O CONCENTRACIÓN DEL AGENTE IGNÍFUGO ACTIVO | F43: 8. COLGADOR AUSENTE O INADECUADO
B44: 9. SIN PASADOR Y/O PRECINTO DE SEGURIDAD | F44: 10. MANÓMETRO CON PRESIÓN INADECUADA Y/O DAÑADA
B45: 11. MANIJA DE ACARREO Y/O PALANCA DE ACTIVACIÓN DE CABEZAL O PISTOLA AUSENTE O DAÑADA | F45: 12. MANGUERA DAÑADA O AUSENTE
B46: 13. TOBERA, PITÓN O PISTOLA DAÑADA O AUSENTE | F46: 14. ABRAZADERA O SUJETADOR DE MANGUERA INADECUADO, DAÑADO O AUSENTE
B47: 15. CILINDRO / BOTELLA / CARTUCHO IMPULSOR EN MAL ESTADO | F47: 16. PINTURA DETERIORADA EN: CILINDRO / BOTELLA / CARTUCHO IMPULSOR
B48: 17. OTROS (INDICAR):

Sheet CATALOGO
A1: OBSERVACIONES DE INSPECCIÓN | B1: ESTADO
A2: NINGUNA | B2: SIN OBSERVACIONES
A3: 1. MAL UBICADO | B3: CON OBSERVACIÓN
A4: 2. ACCESO OBSTRUIDO | B4: NO CONFORME
A5: 3. ZONA Y/O EXTINTOR NO NUMERADOS
A6: 4. CARECE/ILEGIBLE PICTOGRAMA DE CLASE DE FUEGO
A7: 5. CARECE/ILEGIBLE DE FORMA DE USO
A8: 6. CARECE/ILEGIBLE ETIQUETA DE RECARGA
A9: 7. NO IDENTIFICA TIPO DE CARGA, N° DE PARTE Y/O CONCENTRACIÓN DEL AGENTE IGNÍFUGO ACTIVO
A10: 8. COLGADOR AUSENTE O INADECUADO
A11: 9. SIN PASADOR Y/O PRECINTO DE SEGURIDAD
A12: 10. MANÓMETRO CON PRESIÓN INADECUADA Y/O DAÑADA
A13: 11. MANIJA DE ACARREO Y/O PALANCA DE ACTIVACIÓN DE CABEZAL O PISTOLA AUSENTE O DAÑADA
A14: 12. MANGUERA DAÑADA O AUSENTE
A15: 13. TOBERA, PITÓN O PISTOLA DAÑADA O AUSENTE
A16: 14. ABRAZADERA O SUJETADOR DE MANGUERA INADECUADO, DAÑADO O AUSENTE
... A19: 17. OTROS (INDICAR):

Sheet INSTRUCCIONES
A1: TARJETA DIGITAL GEXSA – PRIMERA VERSIÓN
A2: Objetivo | B2: Plantilla compatible con Excel/Google Sheets para digitalizar la tarjeta física de inspección.
A3: Editable por el cliente | B3: Solo las 11 filas mensuales: FECHA, INSPECTOR y OBSERVACIONES.
A4: Observaciones | B4: La columna OBSERVACIONES usa una lista desplegable con las 17 opciones observadas en la tarjeta física.
A5: Datos del extintor | B5: Cliente, dirección, extintor, serie, capacidad y tipo quedan reservados para vincularlos después con la base GEXSA.
A6: Siguiente etapa | B6: Conectar esta plantilla a la base de datos para que, al ingresar/seleccionar el N° de serie, se complete automáticamente la ficha.
A7: QR | B7: El QR no debe apuntar directamente al PDF. En la siguiente etapa apuntará a una página con dos botones: VER CERTIFICADO PDF y LLENAR TARJETA DE INSPECCIÓN.
A8: Importante | B8: La protección de rangos se debe terminar en Google Sheets después de subir esta plantilla, para definir exactamente qué celdas puede editar el cliente.

Sheet BASE_EQUIPOS
A1: CODIGO_CERTIFICADO | B1: CLIENTE | C1: RUC | D1: DIRECCION | E1: FECHA_CERTIFICADO | F1: SERVICIO | G1: ITEM | H1: CAPACIDAD | I1: PRUEBA_HIDROSTATICA | J1: FECHA_FAB | K1: FECHA_CARGA | L1: FECHA_VCMTO | M1: AGENTE_CLASE | N1: UBICACION_SERIE | O1: SERVICIO_ITEM | P1: CLAVE_SERIE
B2: PERU MASIVO S.A. | C2: 20492392031 | D2: AV. LOS INCAS CDRA. 4 PATIO NORTE - COMAS | E2: Lima, 16 de Marzo de 2023 | F2: la Recarga y mantenimiento | G2: 1 | H2: 06 KG | I2: 2021 | J2: 2009 | K2: MARZO 2023 | L2: MARZO 2024 | M2: P.Q.S TIPO ABC AL 90% NACIONAL | N2: 11 / 000398 | O2: R | P2: =TRIM(N2)
B3: PERU MASIVO S.A. | C3: 20492392031 | D3: AV. LOS INCAS CDRA. 4 PATIO NORTE - COMAS | E3: Lima, 16 de Marzo de 2023 | F3: la Recarga y mantenimiento | G3: 2 | H3: 06 KG | I3: 2022 | J3: 2009 | K3: MARZO 2023 | L3: MARZO 2024 | M3: P.Q.S TIPO ABC AL 90% NACIONAL | N3: 275 / 000693 | O3: R | P3: =TRIM(N3)
B4: PERU MASIVO S.A. | C4: 20492392031 | D4: AV. LOS INCAS CDRA. 4 PATIO NORTE - COMAS | E4: Lima, 16 de Marzo de 2023 | F4: la Recarga y mantenimiento | G4: 3 | H4: 06 KG | I4: 2021 | J4: 2009 | K4: MARZO 2023 | L4: MARZO 2024 | M4: P.Q.S TIPO ABC AL 90% NACIONAL | N4: 189 / 000999 | O4: R | P4: =TRIM(N4)
B5: PERU MASIVO S.A. | C5: 20492392031 | D5: AV. LOS INCAS CDRA. 4 PATIO NORTE - COMAS | E5: Lima, 16 de Marzo de 2023 | F5: la Recarga y mantenimiento | G5: 4 | H5: 06 KG | I5: 2021 | J5: 2010 | K5: MARZO 2023 | L5: MARZO 2024 | M5: P.Q.S TIPO ABC AL 90% NACIONAL | N5: 260 / 000498 | O5: R | P5: =TRIM(N5)
B6: PERU MASIVO S.A. | C6: 20492392031 | D6: AV. LOS INCAS CDRA. 4 PATIO NORTE - COMAS | E6: Lima, 16 de Marzo de 2023 | F6: la Recarga y mantenimiento | G6: 5 | H6: 06 KG | I6: 2022 | J6: 2010 | K6: MARZO 2023 | L6: MARZO 2024 | M6: P.Q.S TIPO ABC AL 90% NACIONAL | N6: 185 / 000613 | O6: R | P6: =TRIM(N6)
B7: PERU MASIVO S.A. | C7: 20492392031 | D7: AV. LOS INCAS CDRA. 4 PATIO NORTE - COMAS | E7: Lima, 16 de Marzo de 2023 | F7: la Recarga y mantenimiento | G7: 6 | H7: 06 KG | I7: 2020 | J7: 2009 | K7: MARZO 2023 | L7: MARZO 2024 | M7: P.Q.S TIPO ABC AL 90% NACIONAL | N7: 07 / 001500 | O7: R | P7: =TRIM(N7)
B8: PERU MASIVO S.A. | C8: 20492392031 | D8: AV. LOS INCAS CDRA. 4 PATIO NORTE - COMAS | E8: Lima, 16 de Marzo de 2023 | F8: la Recarga y mantenimiento | G8: 7 | H8: 06 KG | I8: 2019 | J8: 2010 | K8: MARZO 2023 | L8: MARZO 2024 | M8: P.Q.S TIPO ABC AL 90% NACIONAL | N8: 140 / 006500 | O8: R | P8: =TRIM(N8)
B9: PERU MASIVO S.A. | C9: 20492392031 | D9: AV. LOS INCAS CDRA. 4 PATIO NORTE - COMAS | E9: Lima, 16 de Marzo de 2023 | F9: la Recarga y mantenimiento | G9: 8 | H9: 06 KG | I9: 2020 | J9: 2009 | K9: MARZO 2023 | L9: MARZO 2024 | M9: P.Q.S TIPO ABC AL 90% NACIONAL | N9: S/N / 000039 | O9: R | P9: =TRIM(N9)
B10: PERU MASIVO S.A. | C10: 20492392031 | D10: AV. LOS INCAS CDRA. 4 PATIO NORTE - COMAS | E10: Lima, 16 de Marzo de 2023 | F10: la Recarga y mantenimiento | G10: 9 | H10: 06 KG | I10: 2021 | J10: S/N | K10: MARZO 2023 | L10: MARZO 2024 | M10: P.Q.S TIPO ABC AL 90% NACIONAL | N10: 314 / 002909 | O10: R | P10: =TRIM(N10)
A11: CO-001012 | B11: IGLESIA METODISTA DEL PERU – LA FLORIDA | D11: CALLE 13 N° 195 Urb. La Florida – Rímac | E11: Lima,19 de Julio de 2022 | F11: la Recarga y mantenimiento | G11: - | H11: 06 KG | I11: 2024 | J11: 2019 | K11: JULIO 2022 | L11: JULIO 2023 | M11: P.Q.S. AL 90% TIPO ABC | N11: 01/000551 | O11: R | P11: =TRIM(N11)
A12: CO-001012 | B12: IGLESIA METODISTA DEL PERU – LA FLORIDA | D12: CALLE 13 N° 195 Urb. La Florida – Rímac | E12: Lima,19 de Julio de 2022 | F12: la Recarga y mantenimiento | G12: 2 | H12: 06 KG | I12: 2024 | J12: 2019 | K12: JULIO 2022 | L12: JULIO 2023 | M12: P.Q.S./ABC | N12: 02/000674 | O12: R | P12: =TRIM(N12)
A13: CO-001013 | B13: IGLESIA METODISTA DEL PERU – LA FLORIDA | D13: CALLE 13 N° 195 Urb. La Florida – Rímac | E13: Lima,19 de Julio de 2023 | F13: la Recarga y mantenimiento | G13: 1 | H13: 6 KG | I13: 2027 | J13: 2022 | K13: JULIO 2022 | L13: JULIO 2023 | M13: P.Q.S. AL 90% TIPO ABC | N13: 03/015357 | P13: =TRIM(N13)
A14: CO-001018 | B14: NEGOPEP SRL. | C14: 20194160624 | D14: Av. Tupac Amaru 4777 - Comas | E14: Lima,27 de Julio de 2023 | F14: la Recarga y mantenimiento | G14: - | H14: 06 KG | I14: 2022 | J14: 2005 | K14: JULIO 2022 | L14: JULIO 2023 | M14: P.Q.S. AL 90% TIPO ABC | N14: 01/002696 | O14: R | P14: =TRIM(N14)
A15: CO-001019 | B15: JOSE CARLOS CORANTE MENDOZA | C15: 70521103 | D15: A0A 217 | E15: Lima, 22 de Agosto de 2022 | F15: la venta | G15: - | H15: 04 KG | I15: 2027 | J15: 2022 | K15: AGOSTO 2022 | L15: AGOSTO 2023 | M15: P.Q.S. TIPO ABC | N15: 01/617327 | O15: V | P15: =TRIM(N15)
A16: CO-001020 | B16: DIAZ MALDONADO DOWNNIG GUSTAVO | C16: 45099295 | D16: D6L 070 | E16: Lima, 24 de Agosto de 2023 | F16: la venta | G16: - | H16: 04 KG | I16: 2027 | J16: 2022 | K16: AGOSTO 2022 | L16: AGOSTO 2023 | M16: P.Q.S. TIPO ABC | N16: 01/617674 | O16: V | P16: =TRIM(N16)
A17: CO-001021 | B17: DANY DAVID LEON NAVARRO | C17: 41554444 | D17: D5B494 | E17: Lima, 24 de Agosto de 2022 | F17: la Recarga y mantenimiento | G17: - | H17: 02 KG | I17: VIGENTE | J17: S/N | K17: AGOSTO 2022 | L17: AGOSTO 2023 | M17: P.Q.S. TIPO ABC | N17: S/N | O17: R | P17: =TRIM(N17)
A18: CO-001022 | B18: JHOEL OCAÑA MAGUIÑA | C18: 10103994441 | D18: JR UNIÓN N° 200 URB SAN FELIPE - COMAS | E18: Lima, 29 de Agosto de 2022 | F18: la Recarga y mantenimiento | G18: - | H18: 06 KG | I18: VIGENTE | J18: 2018 | K18: AGOSTO 2022 | L18: AGOSTO 2023 | M18: P.Q.S. TIPO ABC | N18: 01/185 | O18: R | P18: =TRIM(N18)
A19: CO-001022 | B19: JHOEL OCAÑA MAGUIÑA | C19: 10103994441 | D19: JR UNIÓN N° 200 URB SAN FELIPE - COMAS | E19: Lima, 29 de Agosto de 2022 | F19: la Recarga y mantenimiento | G19: - | H19: 06 KG | I19: VIGENTE | J19: 2018 | K19: AGOSTO 2022 | L19: AGOSTO 2023 | M19: P.Q.S. TIPO ABC | N19: 01/3149 | O19: R | P19: =TRIM(N19)
A20: CO-001023 | B20: CHATARRERIA AARON | D20: Pasaje 23 MZ J LT 15 Año nuevo - Comas | E20: Lima, 01 de Setiembre de 2022 | F20: la Recarga y mantenimiento | G20: - | H20: 06 KG | I20: 2027 | J20: 2014 | K20: SETIEMBRE 2022 | L20: SETIEMBRE 2023 | M20: P.Q.S. TIPO ABC | N20: 01/003505 | O20: R | P20: =TRIM(N20)
A21: CO-001023 | B21: CHATARRERIA AARON | D21: Pasaje 23 MZ J LT 15 Año nuevo - Comas | E21: Lima, 01 de Setiembre de 2022 | F21: la Recarga y mantenimiento | G21: - | H21: 06 KG | I21: 2023 | J21: 2018 | K21: SETIEMBRE 2022 | L21: SETIEMBRE 2023 | M21: P.Q.S. TIPO ABC | N21: 02/003501 | O21: R | P21: =TRIM(N21)
A22: CO-001024 | B22: FRANCISCO MONTALVO BAÑON | C22: 45485735 | D22: ATK-907 | E22: Lima, 02 de Setiembre de 2022 | F22: la Recarga y mantenimiento | G22: - | H22: 09 KG | I22: VIGENTE | J22: 2015 | K22: SETIEMBRE 2022 | L22: SETIEMBRE 2023 | M22: P.Q.S. TIPO ABC | N22: 01/000243 | O22: R | P22: =TRIM(N22)
A23: CO-001025 | B23: FIDENCIO ALBUJAR ACUÑA | C23: 23096045 | D23: ARH 710 | E23: Lima, 05 de Setiembre de 2022 | F23: la Recarga y mantenimiento | G23: - | H23: 04 KG | I23: VIGENTE | J23: 2013 | K23: SETIEMBRE 2022 | L23: SETIEMBRE 2023 | M23: P.Q.S. TIPO ABC | N23: 01/000306 | O23: R | P23: =TRIM(N23)
A24: CO-001026 | B24: JOSIAS ALCIDES TARAZONA BACILIO | C24: 70215943 | E24: Lima, 07 de Setiembre de 2022 | F24: la Recarga y mantenimiento | G24: - | H24: 06 KG | I24: 2023 | J24: 2018 | K24: SETIEMBRE 2022 | L24: SETIEMBRE 2023 | M24: P.Q.S. TIPO ABC | N24: 01/021024 | O24: R | P24: =TRIM(N24)
A25: CO-001027 | B25: EDWIN CUEVA | D25: AV TUPAC AMARU 3931 | E25: Lima, 09 de Setiembre de 2022 | F25: la Recarga y mantenimiento | G25: - | H25: 02 KG | I25: VIGENTE | J25: 2005 | K25: SETIEMBRE 2022 | L25: SETIEMBRE 2023 | M25: P.Q.S. TIPO ABC | N25: 01/001391 | O25: R | P25: =TRIM(N25)
A26: CO-001028 | B26: DENNIS MIGUEL ALTUNA ANDIA | C26: 09990860 | D26: A1D-095 | E26: Lima, 09 de Setiembre de 2022 | F26: la Venta | G26: - | H26: 02 KG | I26: 2027 | J26: 2022 | K26: SETIEMBRE 2022 | L26: SETIEMBRE 2023 | M26: P.Q.S. TIPO ABC | N26: 01/000858 | O26: V | P26: =TRIM(N26)
A27: CO-001029 | B27: COOPERATIVA DE SERVICIOS ESPECIALES DOS DE MAYO | D27: JR. PIURA N° 166 SAN FELIPE - COMAS | E27: Lima, 09 de Setiembre de 2022 | F27: la Recarga y mantenimiento | G27: - | H27: 09 KG | I27: 2023 | J27: 2018 | K27: SETIEMBRE 2022 | L27: SETIEMBRE 2023 | M27: P.Q.S. TIPO ABC | N27: 01/000254 | O27: R | P27: =TRIM(N27)
A28: CO-001030 | B28: AGFA COLOR/ SRA CRUZ SALAZAR | D28: AV CAUDIVILLA MZ G LT 10 URB SANTA ROSA DE PUNCHAUCA | E28: Lima, 09 de Setiembre de 2022 | F28: la Recarga y mantenimiento | G28: - | H28: 06 KG | I28: 2026 | J28: 2008 | K28: SETIEMBRE 2022 | L28: SETIEMBRE 2023 | M28: P.Q.S. TIPO ABC | N28: 01/003536 | O28: R | P28: =TRIM(N28)
A29: CO-001031 | B29: LOLO WILLAN RODRIGUEZ TOMAS | C29: 44508485 | D29: AV TUPAC AMARU 4668 MZ A LT 7 PUEBLO JOVEN LA PAMPA - COMAS | E29: Lima, 12 de Setiembre de 2022 | F29: la venta | G29: - | H29: 06 KG | I29: 2027 | J29: 2022 | K29: SETIEMBRE 2022 | L29: SETIEMBRE 2023 | M29: P.Q.S. TIPO ABC | N29: 01/153603 | O29: v | P29: =TRIM(N29)
A30: CO-001032 | B30: MELITON ALZAMORA | C30: 06272406 | D30: F3S-415 | E30: Lima, 12 de Setiembre de 2022 | F30: la Recarga y mantenimiento | G30: - | H30: 02 KG | I30: VIGENTE | J30: 2014 | K30: SETIEMBRE 2022 | L30: SETIEMBRE 2023 | M30: P.Q.S. TIPO ABC | N30: 01/001014 | O30: R | P30: =TRIM(N30)
A31: CO-001033 | B31: LUZ MARIA PROA VILCHEZ | D31: JR TARAPACA N° 181 COLLIQUE- COMAS | E31: Lima, 12 de Setiembre de 2022 | F31: la Recarga y mantenimiento | G31: - | H31: 04 KG | I31: 2027 | J31: 2011 | K31: SETIEMBRE 2022 | L31: SETIEMBRE 2023 | M31: P.Q.S. TIPO ABC | N31: 01/000011 | O31: R | P31: =TRIM(N31)
A32: CO-001034 | B32: MARIA SOLORZANO | D32: VILLA VIOLETA MZ G LT 01 | E32: Lima, 13 de Setiembre de 2022 | F32: la Recarga y mantenimiento | G32: - | H32: 06 KG | I32: VIGENTE | J32: 2005 | K32: SETIEMBRE 2022 | L32: SETIEMBRE 2023 | M32: P.Q.S. TIPO ABC | N32: 01/001415 | O32: R | P32: =TRIM(N32)
A33: CO-001035 | B33: MARIA CUCICHE | D33: MERCADO AÑO NUEVO - PUESTO 111 | E33: Lima, 15 de Setiembre de 2022 | F33: la Recarga y mantenimiento | G33: - | H33: 06 KG | I33: VIGENTE | J33: - | K33: SETIEMBRE 2022 | L33: SETIEMBRE 2023 | M33: P.Q.S. TIPO ABC | N33: S/N | O33: R | P33: =TRIM(N33)
A34: CO-001036 | B34: CELEDONIO PAJUELO | D34: MERCADO AÑO NUEVO - PUESTO 110 | E34: Lima, 15 de Setiembre de 2022 | F34: la Recarga y mantenimiento | G34: - | H34: 06 KG | I34: VIGENTE | J34: - | K34: SETIEMBRE 2022 | L34: SETIEMBRE 2023 | M34: P.Q.S. TIPO ABC | N34: 01/002910 | O34: R | P34: =TRIM(N34)
A35: CO-001037 | B35: GLADIS CARDENAS | D35: MERCADO AÑO NUEVO - PUESTO 22 | E35: Lima, 15 de Setiembre de 2022 | F35: la Recarga y mantenimiento | G35: - | H35: 06 KG | I35: VIGENTE | J35: - | K35: SETIEMBRE 2022 | L35: SETIEMBRE 2023 | M35: P.Q.S. TIPO ABC | N35: S/N | O35: R | P35: =TRIM(N35)
A36: CO-001038 | B36: KEVIN ALVARADO | D36: MERCADO AÑO NUEVO - PUESTO 163 | E36: Lima, 15 de Setiembre de 2022 | F36: la Recarga y mantenimiento | G36: - | H36: 06 KG | I36: VIGENTE | J36: - | K36: SETIEMBRE 2022 | L36: SETIEMBRE 2023 | M36: P.Q.S. TIPO ABC | N36: 01/000115 | O36: R | P36: =TRIM(N36)
A37: CO-001039 | B37: SANTOS RODRIGUEZ | D37: MERCADO AÑO NUEVO - PUESTO 167 | E37: Lima, 15 de Setiembre de 2022 | F37: la Recarga y mantenimiento | G37: - | H37: 04 KG | I37: 2025 | J37: 2020 | K37: SETIEMBRE 2022 | L37: SETIEMBRE 2023 | M37: P.Q.S. TIPO ABC | N37: 01/518004 | O37: R | P37: =TRIM(N37)
A38: CO-001040 | B38: MAGDALENA TIPULA | D38: MERCADO AÑO NUEVO - PUESTO 108 | E38: Lima, 15 de Setiembre de 2022 | F38: la Recarga y mantenimiento | G38: - | H38: 06 KG | I38: VIGENTE | J38: - | K38: SETIEMBRE 2022 | L38: SETIEMBRE 2023 | M38: P.Q.S. TIPO ABC | N38: 01/001241 | O38: R | P38: =TRIM(N38)
A39: CO-001041 | B39: ROCIO SULCE | D39: MERCADO AÑO NUEVO - PUESTO 104 | E39: Lima, 15 de Setiembre de 2022 | F39: la Recarga y mantenimiento | G39: - | H39: 06 KG | I39: VIGENTE | J39: 2007 | K39: SETIEMBRE 2022 | L39: SETIEMBRE 2023 | M39: P.Q.S. TIPO ABC | N39: 01/010204 | O39: R | P39: =TRIM(N39)
A40: CO-001042 | B40: ANA RODRIGUEZ | D40: MERCADO AÑO NUEVO - PUESTO 103 | E40: Lima, 15 de Setiembre de 2022 | F40: la Recarga y mantenimiento | G40: - | H40: 06 KG | I40: 2025 | J40: 2020 | K40: SETIEMBRE 2022 | L40: SETIEMBRE 2023 | M40: P.Q.S. TIPO ABC | N40: 01/8001287 | O40: R | P40: =TRIM(N40)
A41: CO-001043 | B41: URSULA HINOSTROZA | D41: MERCADO AÑO NUEVO - PUESTO 158 | E41: Lima, 15 de Setiembre de 2022 | F41: la Recarga y mantenimiento | G41: - | H41: 06 KG | I41: VIGENTE | J41: - | K41: SETIEMBRE 2022 | L41: SETIEMBRE 2023 | M41: P.Q.S. TIPO ABC | N41: 01/004026 | O41: R | P41: =TRIM(N41)
A42: CO-001044 | B42: FLOR PONCIANO | D42: MERCADO AÑO NUEVO - PUESTO 157 | E42: Lima, 15 de Setiembre de 2022 | F42: la Recarga y mantenimiento | G42: - | H42: 06 KG | I42: VIGENTE | J42: - | K42: SETIEMBRE 2022 | L42: SETIEMBRE 2023 | M42: P.Q.S. TIPO ABC | N42: S/N | O42: R | P42: =TRIM(N42)
A43: CO-001045 | B43: FRANCISCO QUISPE | D43: MERCADO AÑO NUEVO - PUESTO 94 | E43: Lima, 15 de Setiembre de 2022 | F43: la Recarga y mantenimiento | G43: - | H43: 06 KG | I43: VIGENTE | J43: - | K43: SETIEMBRE 2022 | L43: SETIEMBRE 2023 | M43: P.Q.S. TIPO ABC | N43: 01/000314 | O43: R | P43: =TRIM(N43)
A44: CO-001046 | B44: JUAN FLORES | D44: MERCADO AÑO NUEVO - PUESTO 153 | E44: Lima, 15 de Setiembre de 2022 | F44: la Recarga y mantenimiento | G44: - | H44: 06 KG | I44: VIGENTE | J44: - | K44: SETIEMBRE 2022 | L44: SETIEMBRE 2023 | M44: P.Q.S. TIPO ABC | N44: 01/001328 | O44: R | P44: =TRIM(N44)
A45: CO-001047 | B45: DENISS CARLOS | D45: MERCADO AÑO NUEVO - PUESTO 151 | E45: Lima, 15 de Setiembre de 2022 | F45: la Recarga y mantenimiento | G45: - | H45: 06 KG | I45: VIGENTE | J45: - | K45: SETIEMBRE 2022 | L45: SETIEMBRE 2023 | M45: P.Q.S. TIPO ABC | N45: 01/000148 | O45: R | P45: =TRIM(N45)
A46: CO-001048 | B46: JUDITH IZAGUIRRE | D46: MERCADO AÑO NUEVO - PUESTO 152 | E46: Lima, 15 de Setiembre de 2022 | F46: la Recarga y mantenimiento | G46: - | H46: 06 KG | I46: VIGENTE | J46: - | K46: SETIEMBRE 2022 | L46: SETIEMBRE 2023 | M46: P.Q.S. TIPO ABC | N46: 01/002939 | O46: R | P46: =TRIM(N46)
A47: CO-001049 | B47: LUIS SANDOVAL | D47: MERCADO AÑO NUEVO - PUESTO 150 | E47: Lima, 15 de Setiembre de 2022 | F47: la Recarga y mantenimiento | G47: - | H47: 06 KG | I47: VIGENTE | J47: - | K47: SETIEMBRE 2022 | L47: SETIEMBRE 2023 | M47: P.Q.S. TIPO ABC | N47: 01/000150 | O47: R | P47: =TRIM(N47)
A48: CO-001050 | B48: ALFONSO CAJADILLO | D48: MERCADO AÑO NUEVO - RENOVADORA DE CALZADO | E48: Lima, 15 de Setiembre de 2022 | F48: la Recarga y mantenimiento | G48: - | H48: 06 KG | I48: VIGENTE | J48: - | K48: SETIEMBRE 2022 | L48: SETIEMBRE 2023 | M48: P.Q.S. TIPO ABC | N48: 01/015843 | O48: R | P48: =TRIM(N48)
A49: CO-001051 | B49: JOSE FERNANDEZ | D49: MERCADO AÑO NUEVO - PUESTO 94 (B) | E49: Lima, 15 de Setiembre de 2022 | F49: la Recarga y mantenimiento | G49: - | H49: 06 KG | I49: VIGENTE | J49: - | K49: SETIEMBRE 2022 | L49: SETIEMBRE 2023 | M49: P.Q.S. TIPO ABC | N49: 01/000698 | O49: R | P49: =TRIM(N49)
A50: CO-001052 | B50: CESAR MAMANI | D50: MERCADO AÑO NUEVO - PUESTO 148 | E50: Lima, 15 de Setiembre de 2022 | F50: la Recarga y mantenimiento | G50: - | H50: 04 KG | I50: VIGENTE | J50: - | K50: SETIEMBRE 2022 | L50: SETIEMBRE 2023 | M50: P.Q.S. TIPO ABC | N50: 01/002775 | O50: R | P50: =TRIM(N50)
A51: CO-001053 | B51: SOFIA VALVERDE | D51: MERCADO AÑO NUEVO - PUESTO 183 | E51: Lima, 15 de Setiembre de 2022 | F51: la Recarga y mantenimiento | G51: - | H51: 06 KG | I51: VIGENTE | J51: - | K51: SETIEMBRE 2022 | L51: SETIEMBRE 2023 | M51: P.Q.S. TIPO ABC | N51: S/N | O51: R | P51: =TRIM(N51)
A52: CO-001054 | B52: GLORIA OSCEO | D52: MERCADO AÑO NUEVO - PUESTO 186 | E52: Lima, 15 de Setiembre de 2022 | F52: la Recarga y mantenimiento | G52: - | H52: 06 KG | I52: VIGENTE | J52: - | K52: SETIEMBRE 2022 | L52: SETIEMBRE 2023 | M52: P.Q.S. TIPO ABC | N52: 01/003589 | O52: R | P52: =TRIM(N52)
... A55: CO-001057 | B55: CESAR MAMANI | D55: MERCADO AÑO NUEVO - PUESTO 185 | E55: Lima, 15 de Setiembre de 2022 | F55: la Recarga y mantenimiento | G55: - | H55: 06 KG | I55: VIGENTE | J55: - | K55: SETIEMBRE 2022 | L55: SETIEMBRE 2023 | M55: P.Q.S. TIPO ABC | N55: 01/010617 | O55: R | P55: =TRIM(N55)
A56: CO-001058 | B56: MARLENE YANET TOLENTINO | D56: MERCADO AÑO NUEVO - PUESTO 256 | E56: Lima, 15 de Setiembre de 2022 | F56: la Recarga y mantenimiento | G56: - | H56: 06 KG | I56: 2027 | J56: 2022 | K56: SETIEMBRE 2022 | L56: SETIEMBRE 2023 | M56: P.Q.S. TIPO ABC | N56: 01/152567 | O56: V | P56: =TRIM(N56)
A57: CO-001059 | B57: CINDY PAYANO | D57: MERCADO AÑO NUEVO - PUESTO 180 | E57: Lima, 15 de Setiembre de 2022 | F57: la venta | G57: - | H57: 06 KG | I57: 2027 | J57: 2022 | K57: SETIEMBRE 2022 | L57: SETIEMBRE 2023 | M57: P.Q.S. TIPO ABC | N57: 01/152571 | O57: V | P57: =TRIM(N57)
A58: CO-001060 | B58: JOEL TEJEDA (BAJA) | D58: MERCADO AÑO NUEVO - PUESTO 189 | E58: Lima, 15 de Setiembre de 2022 | F58: la Recarga y mantenimiento | G58: - | H58: 06 KG | I58: VIGENTE | J58: - | K58: SETIEMBRE 2022 | L58: SETIEMBRE 2023 | M58: P.Q.S. TIPO ABC | O58: R | P58: =TRIM(N58)
A59: CO-001061 | B59: COMERCIAL YOLI (JUAN SAAVEDRA) | D59: MERCADO AÑO NUEVO - PUESTO 30 | E59: Lima, 15 de Setiembre de 2022 | F59: la venta | G59: - | H59: 06 KG | I59: 2027 | J59: 2022 | K59: SETIEMBRE 2022 | L59: SETIEMBRE 2023 | M59: P.Q.S. TIPO ABC | N59: 01/367758 | O59: V | P59: =TRIM(N59)
A60: CO-001062 | B60: ROMAN FLORES | D60: MERCADO AÑO NUEVO - PUESTO 176 | E60: Lima, 15 de Setiembre de 2022 | F60: la Recarga y mantenimiento | G60: - | H60: 06 KG | I60: VIGENTE | J60: - | K60: SETIEMBRE 2022 | L60: SETIEMBRE 2023 | M60: P.Q.S. TIPO ABC | N60: 01/001164 | O60: R | P60: =TRIM(N60)
A61: CO-001063 | B61: IDELSA ALVA | D61: MERCADO AÑO NUEVO - PUESTO 192 | E61: Lima, 15 de Setiembre de 2022 | F61: la Recarga y mantenimiento | G61: - | H61: 06 KG | I61: VIGENTE | J61: - | K61: SETIEMBRE 2022 | L61: SETIEMBRE 2023 | M61: P.Q.S. TIPO ABC | N61: 01/002292 | O61: R | P61: =TRIM(N61)
A62: CO-001064 | B62: ELENA QUIÑONEZ | D62: MERCADO AÑO NUEVO - PUESTO 193 | E62: Lima, 15 de Setiembre de 2022 | F62: la Recarga y mantenimiento | G62: - | H62: 06 KG | I62: VIGENTE | J62: - | K62: SETIEMBRE 2022 | L62: SETIEMBRE 2023 | M62: P.Q.S. TIPO ABC | N62: S/N | O62: R | P62: =TRIM(N62)
A63: CO-001065 | B63: ELVIRA VEGA | D63: MERCADO AÑO NUEVO - PUESTO 175 | E63: Lima, 15 de Setiembre de 2022 | F63: la Recarga y mantenimiento | G63: - | H63: 06 KG | I63: VIGENTE | J63: - | K63: SETIEMBRE 2022 | L63: SETIEMBRE 2023 | M63: P.Q.S. TIPO ABC | N63: 01/000866 | O63: R | P63: =TRIM(N63)
A64: CO-001066 | B64: KLEVER RAMOS V. | D64: MERCADO AÑO NUEVO - PUESTO 172 | E64: Lima, 15 de Setiembre de 2022 | F64: la Recarga y mantenimiento | G64: - | H64: 06 KG | I64: VIGENTE | J64: - | K64: SETIEMBRE 2022 | L64: SETIEMBRE 2023 | M64: P.Q.S. TIPO ABC | N64: 01/000176 | O64: R | P64: =TRIM(N64)
A65: CO-001067 | B65: HECTOR FRANCISCO | D65: MERCADO AÑO NUEVO - PUESTO 199 | E65: Lima, 15 de Setiembre de 2022 | F65: la Recarga y mantenimiento | G65: - | H65: 06 KG | I65: VIGENTE | J65: - | K65: SETIEMBRE 2022 | L65: SETIEMBRE 2023 | M65: P.Q.S. TIPO ABC | N65: 01/000286 | O65: R | P65: =TRIM(N65)
A66: CO-001068 | B66: LIDIA AYALA | D66: MERCADO AÑO NUEVO - PUESTO 200 | E66: Lima, 15 de Setiembre de 2022 | F66: la Recarga y mantenimiento | G66: - | H66: 06 KG | I66: VIGENTE | J66: - | K66: SETIEMBRE 2022 | L66: SETIEMBRE 2023 | M66: P.Q.S. TIPO ABC | N66: 01/000115 | O66: R | P66: =TRIM(N66)
A67: CO-001069 | B67: BIDANGO CAMACHO | D67: MERCADO AÑO NUEVO - PUESTO 205 | E67: Lima, 15 de Setiembre de 2022 | F67: la venta | G67: - | H67: 06 KG | I67: 2027 | J67: 2022 | K67: SETIEMBRE 2022 | L67: SETIEMBRE 2023 | M67: P.Q.S. TIPO ABC | N67: 01/307193 | O67: V | P67: =TRIM(N67)
A68: CO-001070 | B68: HARLIN ACUÑA | D68: MERCADO AÑO NUEVO - PUESTO 227 | E68: Lima, 15 de Setiembre de 2022 | F68: la Recarga y mantenimiento | G68: - | H68: 06 KG | I68: VIGENTE | J68: - | K68: SETIEMBRE 2022 | L68: SETIEMBRE 2023 | M68: P.Q.S. TIPO ABC | N68: 01/000992 | O68: R | P68: =TRIM(N68)
A69: CO-001071 | B69: MIGUEL ROJAS | D69: MERCADO AÑO NUEVO - PUESTO 207 | E69: Lima, 15 de Setiembre de 2022 | F69: la Recarga y mantenimiento | G69: - | H69: 06 KG | I69: VIGENTE | J69: - | K69: SETIEMBRE 2022 | L69: SETIEMBRE 2023 | M69: P.Q.S. TIPO ABC | N69: 01/0000005 | O69: R | P69: =TRIM(N69)
A70: CO-001072 | B70: KARINA FALERO | D70: MERCADO AÑO NUEVO - PUESTO 226 | E70: Lima, 15 de Setiembre de 2022 | F70: la Recarga y mantenimiento | G70: - | H70: 06 KG | I70: VIGENTE | J70: - | K70: SETIEMBRE 2022 | L70: SETIEMBRE 2023 | M70: P.Q.S. TIPO ABC | N70: 01/002052 | O70: R | P70: =TRIM(N70)
A71: CO-001073 | B71: LUIS MELCHOR | D71: MERCADO AÑO NUEVO - PUESTO 225 | E71: Lima, 15 de Setiembre de 2022 | F71: la Recarga y mantenimiento | G71: - | H71: 06 KG | I71: VIGENTE | J71: - | K71: SETIEMBRE 2022 | L71: SETIEMBRE 2023 | M71: P.Q.S. TIPO ABC | N71: S/N | O71: R | P71: =TRIM(N71)
A72: CO-001074 | B72: YOLANDA ALMORA | D72: MERCADO AÑO NUEVO - PUESTO 208 | E72: Lima, 15 de Setiembre de 2022 | F72: la Recarga y mantenimiento | G72: - | H72: 06 KG | I72: VIGENTE | J72: - | K72: SETIEMBRE 2022 | L72: SETIEMBRE 2023 | M72: P.Q.S. TIPO ABC | N72: 01/000150 | O72: R | P72: =TRIM(N72)
A73: CO-001075 | B73: PERCY QUISPE | D73: MERCADO AÑO NUEVO - PUESTO 209 | E73: Lima, 15 de Setiembre de 2022 | F73: la Recarga y mantenimiento | G73: - | H73: 06 KG | I73: VIGENTE | J73: - | K73: SETIEMBRE 2022 | L73: SETIEMBRE 2023 | M73: P.Q.S. TIPO ABC | N73: 01/007493 | O73: R | P73: =TRIM(N73)
A74: CO-001076 | B74: JOSE LEON | D74: MERCADO AÑO NUEVO - PUESTO 224 | E74: Lima, 15 de Setiembre de 2022 | F74: la Recarga y mantenimiento | G74: - | H74: 06 KG | I74: VIGENTE | J74: - | K74: SETIEMBRE 2022 | L74: SETIEMBRE 2023 | M74: P.Q.S. TIPO ABC | N74: S/N | O74: R | P74: =TRIM(N74)
A75: CO-001077 | B75: ALEXANDER FALLAN | D75: MERCADO AÑO NUEVO - PUESTO 222 | E75: Lima, 15 de Setiembre de 2022 | F75: la Recarga y mantenimiento | G75: - | H75: 06 KG | I75: VIGENTE | J75: - | K75: SETIEMBRE 2022 | L75: SETIEMBRE 2023 | M75: P.Q.S. TIPO ABC | N75: S/N | O75: R | P75: =TRIM(N75)
A76: CO-001078 | B76: GUILLERMO ROJAS | D76: MERCADO AÑO NUEVO - PUESTO 221 | E76: Lima, 15 de Setiembre de 2022 | F76: la Recarga y mantenimiento | G76: - | H76: 04KG | I76: VIGENTE | J76: - | K76: SETIEMBRE 2022 | L76: SETIEMBRE 2023 | M76: P.Q.S. TIPO ABC | N76: S/N | O76: R | P76: =TRIM(N76)
A77: CO-001079 | B77: JUAN GONZALES | D77: MERCADO AÑO NUEVO - PUESTO 212 | E77: Lima, 15 de Setiembre de 2022 | F77: la Recarga y mantenimiento | G77: - | H77: 06 KG | I77: VIGENTE | J77: - | K77: SETIEMBRE 2022 | L77: SETIEMBRE 2023 | M77: P.Q.S. TIPO ABC | N77: 01/000182 | O77: R | P77: =TRIM(N77)
A78: CO-001080 | B78: HUGO EZEQUIEL | D78: MERCADO AÑO NUEVO - PUESTO 219 | E78: Lima, 15 de Setiembre de 2022 | F78: la Recarga y mantenimiento | G78: - | H78: 06 KG | I78: VIGENTE | J78: 2015 | K78: SETIEMBRE 2022 | L78: SETIEMBRE 2023 | M78: P.Q.S. TIPO ABC | N78: 01/000001 | O78: R | P78: =TRIM(N78)
A79: CO-001081 | B79: LAURA CARDENAS | D79: MERCADO AÑO NUEVO - PUESTO 215 | E79: Lima, 15 de Setiembre de 2022 | F79: la Recarga y mantenimiento | G79: - | H79: 06 KG | I79: VIGENTE | J79: - | K79: SETIEMBRE 2022 | L79: SETIEMBRE 2023 | M79: P.Q.S. TIPO ABC | N79: 01/002215 | O79: R | P79: =TRIM(N79)
A80: CO-001082 | B80: EDISON CABELLO | D80: MERCADO AÑO NUEVO - PUESTO 217 | E80: Lima, 15 de Setiembre de 2022 | F80: la Recarga y mantenimiento | G80: - | H80: 06 KG | I80: VIGENTE | J80: - | K80: SETIEMBRE 2022 | L80: SETIEMBRE 2023 | M80: P.Q.S. TIPO ABC | N80: 09/000007 | O80: R | P80: =TRIM(N80)
A81: CO-001083 | B81: LEINA ROJAS P. | D81: MERCADO AÑO NUEVO - PUESTO 249 | E81: Lima, 15 de Setiembre de 2022 | F81: la Recarga y mantenimiento | G81: - | H81: 06 KG | I81: VIGENTE | J81: - | K81: SETIEMBRE 2022 | L81: SETIEMBRE 2023 | M81: P.Q.S. TIPO ABC | N81: 01/000417 | O81: R | P81: =TRIM(N81)
A82: CO-001084 | B82: ROXANA VASQUEZ | D82: MERCADO AÑO NUEVO - PUESTO 246 | E82: Lima, 15 de Setiembre de 2022 | F82: la Recarga y mantenimiento | G82: - | H82: 06 KG | I82: VIGENTE | J82: - | K82: SETIEMBRE 2022 | L82: SETIEMBRE 2023 | M82: P.Q.S. TIPO ABC | N82: 01/001156 | O82: R | P82: =TRIM(N82)
A83: CO-001085 | B83: LIZ PRIETO | D83: MERCADO AÑO NUEVO - PUESTO 244 | E83: Lima, 15 de Setiembre de 2022 | F83: la Recarga y mantenimiento | G83: - | H83: 04 KG | I83: VIGENTE | J83: - | K83: SETIEMBRE 2022 | L83: SETIEMBRE 2023 | M83: P.Q.S. TIPO ABC | N83: 01/002446 | O83: R | P83: =TRIM(N83)
A84: CO-001086 | B84: CARLOS CABRERA | D84: MERCADO AÑO NUEVO - PUESTO 241 | E84: Lima, 15 de Setiembre de 2022 | F84: la Recarga y mantenimiento | G84: - | H84: 06 KG | I84: VIGENTE | J84: - | K84: SETIEMBRE 2022 | L84: SETIEMBRE 2023 | M84: P.Q.S. TIPO ABC | N84: 01/000254 | O84: R | P84: =TRIM(N84)
A85: CO-001087 | B85: CARMEN AGUIRRE | D85: MERCADO AÑO NUEVO - PUESTO 240 | E85: Lima, 15 de Setiembre de 2022 | F85: la Recarga y mantenimiento | G85: - | H85: 06 KG | I85: VIGENTE | J85: - | K85: SETIEMBRE 2022 | L85: SETIEMBRE 2023 | M85: P.Q.S. TIPO ABC | N85: 01/000301 | O85: R | P85: =TRIM(N85)
A86: CO-001088 | B86: JAVIER HANCCO | D86: MERCADO AÑO NUEVO - PUESTO 235 | E86: Lima, 15 de Setiembre de 2022 | F86: la Recarga y mantenimiento | G86: - | H86: 04 KG | I86: VIGENTE | J86: - | K86: SETIEMBRE 2022 | L86: SETIEMBRE 2023 | M86: P.Q.S. TIPO ABC | N86: 01/000847 | O86: R | P86: =TRIM(N86)
A87: CO-001089 | B87: TERESA CALDERON | D87: MERCADO AÑO NUEVO - PUESTO 234 | E87: Lima, 15 de Setiembre de 2022 | F87: la Recarga y mantenimiento | G87: - | H87: 06 KG | I87: VIGENTE | J87: - | K87: SETIEMBRE 2022 | L87: SETIEMBRE 2023 | M87: P.Q.S. TIPO ABC | N87: 01/000928 | O87: R | P87: =TRIM(N87)
A88: CO-001090 | B88: YONNY ROMAN | D88: MERCADO AÑO NUEVO -TIENDA B | E88: Lima, 15 de Setiembre de 2022 | F88: la Recarga y mantenimiento | G88: - | H88: 06 KG | I88: VIGENTE | J88: - | K88: SETIEMBRE 2022 | L88: SETIEMBRE 2023 | M88: P.Q.S. TIPO ABC | N88: 01/000067 | O88: R | P88: =TRIM(N88)
A89: CO-001091 | B89: DORIS MAZA | D89: MERCADO AÑO NUEVO - PUESTO 117 | E89: Lima, 15 de Setiembre de 2022 | F89: la Recarga y mantenimiento | G89: - | H89: 06 KG | I89: VIGENTE | J89: - | K89: SETIEMBRE 2022 | L89: SETIEMBRE 2023 | M89: P.Q.S. TIPO ABC | N89: 01/003266 | O89: R | P89: =TRIM(N89)
A90: CO-001092 | B90: MIRIAN VARGAS | D90: MERCADO AÑO NUEVO - PUESTO 295 | E90: Lima, 15 de Setiembre de 2022 | F90: la Recarga y mantenimiento | G90: - | H90: 06 KG | I90: VIGENTE | J90: - | K90: SETIEMBRE 2022 | L90: SETIEMBRE 2023 | M90: P.Q.S. TIPO ABC | N90: 01/002317 | O90: R | P90: =TRIM(N90)
... A100: CO-001102 | B100: LUCILA UGARTE | D100: MERCADO AÑO NUEVO - PUESTO 144 | E100: Lima, 15 de Setiembre de 2022 | F100: la Recarga y mantenimiento | G100: - | H100: 06 KG | I100: VIGENTE | J100: - | K100: SETIEMBRE 2022 | L100: SETIEMBRE 2023 | M100: P.Q.S. TIPO ABC | N100: 01/000270 | O100: R | P100: =TRIM(N100)
A101: CO-001103 | B101: DORA CUTIPA A. | D101: MERCADO AÑO NUEVO - PUESTO 310 | E101: Lima, 15 de Setiembre de 2022 | F101: la Recarga y mantenimiento | G101: - | H101: 04 KG | I101: VIGENTE | J101: 2011 | K101: SETIEMBRE 2022 | L101: SETIEMBRE 2023 | M101: P.Q.S. TIPO ABC | N101: 01/000006 | O101: R | P101: =TRIM(N101)
A102: CO-001104 | B102: DORA CUTIPA A. | D102: MERCADO AÑO NUEVO - PUESTO 315 | E102: Lima, 15 de Setiembre de 2022 | F102: la Recarga y mantenimiento | G102: - | H102: 06 KG | I102: VIGENTE | J102: - | K102: SETIEMBRE 2022 | L102: SETIEMBRE 2023 | M102: P.Q.S. TIPO ABC | N102: 01/115478 | O102: R | P102: =TRIM(N102)
A103: CO-001105 | B103: HILDA ROBLES | D103: MERCADO AÑO NUEVO - PUESTO 307 | E103: Lima, 15 de Setiembre de 2022 | F103: la Recarga y mantenimiento | G103: - | H103: 06 KG | I103: VIGENTE | J103: - | K103: SETIEMBRE 2022 | L103: SETIEMBRE 2023 | M103: P.Q.S. TIPO ABC | N103: 01/377908 | O103: R | P103: =TRIM(N103)
A104: CO-001106 | B104: MARLENI BAUTISTA | D104: MERCADO AÑO NUEVO - PUESTO 302 | E104: Lima, 15 de Setiembre de 2022 | F104: la Recarga y mantenimiento | G104: - | H104: 04 KG | I104: VIGENTE | J104: - | K104: SETIEMBRE 2022 | L104: SETIEMBRE 2023 | M104: P.Q.S. TIPO ABC | N104: 01/000685 | O104: R | P104: =TRIM(N104)
A105: CO-001107 | B105: KATHERINE TAQUIRE | D105: MERCADO AÑO NUEVO - PUESTO 301 | E105: Lima, 15 de Setiembre de 2022 | F105: la Recarga y mantenimiento | G105: - | H105: 06 KG | I105: VIGENTE | J105: - | K105: SETIEMBRE 2022 | L105: SETIEMBRE 2023 | M105: P.Q.S. TIPO ABC | N105: 01/004810 | O105: R | P105: =TRIM(N105)
A106: CO-001108 | B106: GLORIA ALBERTA | D106: MERCADO AÑO NUEVO - PUESTO 297 | E106: Lima, 15 de Setiembre de 2022 | F106: la Recarga y mantenimiento | G106: - | H106: 04 KG | I106: VIGENTE | J106: - | K106: SETIEMBRE 2022 | L106: SETIEMBRE 2023 | M106: P.Q.S. TIPO ABC | N106: 01/000645 | O106: R | P106: =TRIM(N106)
A107: CO-001109 | B107: GENOVEVA CARRERA | D107: MERCADO AÑO NUEVO - PUESTO 125 | E107: Lima, 15 de Setiembre de 2022 | F107: la Recarga y mantenimiento | G107: - | H107: 06 KG | I107: VIGENTE | J107: - | K107: SETIEMBRE 2022 | L107: SETIEMBRE 2023 | M107: P.Q.S. TIPO ABC | N107: S/N | O107: R | P107: =TRIM(N107)
A108: CO-001110 | B108: DAYVE CASTAÑEDA | D108: MERCADO AÑO NUEVO - PUESTO 126 | E108: Lima, 15 de Setiembre de 2022 | F108: la Recarga y mantenimiento | G108: - | H108: 06 KG | I108: VIGENTE | J108: - | K108: SETIEMBRE 2022 | L108: SETIEMBRE 2023 | M108: P.Q.S. TIPO ABC | N108: 01/009829 | O108: R | P108: =TRIM(N108)
A109: CO-001111 | B109: CARMEN YUNGO | D109: MERCADO AÑO NUEVO - PUESTO 127 | E109: Lima, 15 de Setiembre de 2022 | F109: la Recarga y mantenimiento | G109: - | H109: 06 KG | I109: VIGENTE | J109: - | K109: SETIEMBRE 2022 | L109: SETIEMBRE 2023 | M109: P.Q.S. TIPO ABC | N109: 01/002935 | O109: R | P109: =TRIM(N109)
A110: CO-001112 | B110: IVAN FABIAN | D110: MERCADO AÑO NUEVO - PUESTO 133 | E110: Lima, 15 de Setiembre de 2022 | F110: la Recarga y mantenimiento | G110: - | H110: 09 KG | I110: VIGENTE | J110: - | K110: SETIEMBRE 2022 | L110: SETIEMBRE 2023 | M110: P.Q.S. TIPO ABC | N110: S/N | O110: R | P110: =TRIM(N110)
A111: CO-001113 | B111: DENIS VALENZUELA | D111: MERCADO AÑO NUEVO - PUESTO 134 | E111: Lima, 15 de Setiembre de 2022 | F111: la Recarga y mantenimiento | G111: - | H111: 06 KG | I111: VIGENTE | J111: - | K111: SETIEMBRE 2022 | L111: SETIEMBRE 2023 | M111: P.Q.S. TIPO ABC | N111: 01/000766 | O111: R | P111: =TRIM(N111)
...

Sheet BUSQUEDA
A1: CLAVE_SERIE | B1: TARJETA | C1: CLIENTE | D1: DIRECCION | E1: EXTINTOR_N | F1: CAPACIDAD | G1: TIPO | I1: LISTA_SERIES
A2: =TRIM(BASE_EQUIPOS!N2) | B2: =BASE_EQUIPOS!A2 | C2: =BASE_EQUIPOS!B2 | D2: =BASE_EQUIPOS!D2 | E2: =BASE_EQUIPOS!G2 | F2: =BASE_EQUIPOS!H2 | G2: =BASE_EQUIPOS!M2 | I2: 11 / 000398
A3: =TRIM(BASE_EQUIPOS!N3) | B3: =BASE_EQUIPOS!A3 | C3: =BASE_EQUIPOS!B3 | D3: =BASE_EQUIPOS!D3 | E3: =BASE_EQUIPOS!G3 | F3: =BASE_EQUIPOS!H3 | G3: =BASE_EQUIPOS!M3 | I3: 275 / 000693
A4: =TRIM(BASE_EQUIPOS!N4) | B4: =BASE_EQUIPOS!A4 | C4: =BASE_EQUIPOS!B4 | D4: =BASE_EQUIPOS!D4 | E4: =BASE_EQUIPOS!G4 | F4: =BASE_EQUIPOS!H4 | G4: =BASE_EQUIPOS!M4 | I4: 189 / 000999
A5: =TRIM(BASE_EQUIPOS!N5) | B5: =BASE_EQUIPOS!A5 | C5: =BASE_EQUIPOS!B5 | D5: =BASE_EQUIPOS!D5 | E5: =BASE_EQUIPOS!G5 | F5: =BASE_EQUIPOS!H5 | G5: =BASE_EQUIPOS!M5 | I5: 260 / 000498
A6: =TRIM(BASE_EQUIPOS!N6) | B6: =BASE_EQUIPOS!A6 | C6: =BASE_EQUIPOS!B6 | D6: =BASE_EQUIPOS!D6 | E6: =BASE_EQUIPOS!G6 | F6: =BASE_EQUIPOS!H6 | G6: =BASE_EQUIPOS!M6 | I6: 185 / 000613
A7: =TRIM(BASE_EQUIPOS!N7) | B7: =BASE_EQUIPOS!A7 | C7: =BASE_EQUIPOS!B7 | D7: =BASE_EQUIPOS!D7 | E7: =BASE_EQUIPOS!G7 | F7: =BASE_EQUIPOS!H7 | G7: =BASE_EQUIPOS!M7 | I7: 07 / 001500
A8: =TRIM(BASE_EQUIPOS!N8) | B8: =BASE_EQUIPOS!A8 | C8: =BASE_EQUIPOS!B8 | D8: =BASE_EQUIPOS!D8 | E8: =BASE_EQUIPOS!G8 | F8: =BASE_EQUIPOS!H8 | G8: =BASE_EQUIPOS!M8 | I8: 140 / 006500
A9: =TRIM(BASE_EQUIPOS!N9) | B9: =BASE_EQUIPOS!A9 | C9: =BASE_EQUIPOS!B9 | D9: =BASE_EQUIPOS!D9 | E9: =BASE_EQUIPOS!G9 | F9: =BASE_EQUIPOS!H9 | G9: =BASE_EQUIPOS!M9 | I9: S/N / 000039
A10: =TRIM(BASE_EQUIPOS!N10) | B10: =BASE_EQUIPOS!A10 | C10: =BASE_EQUIPOS!B10 | D10: =BASE_EQUIPOS!D10 | E10: =BASE_EQUIPOS!G10 | F10: =BASE_EQUIPOS!H10 | G10: =BASE_EQUIPOS!M10 | I10: 314 / 002909
A11: =TRIM(BASE_EQUIPOS!N11) | B11: =BASE_EQUIPOS!A11 | C11: =BASE_EQUIPOS!B11 | D11: =BASE_EQUIPOS!D11 | E11: =BASE_EQUIPOS!G11 | F11: =BASE_EQUIPOS!H11 | G11: =BASE_EQUIPOS!M11 | I11: 01/000551
A12: =TRIM(BASE_EQUIPOS!N12) | B12: =BASE_EQUIPOS!A12 | C12: =BASE_EQUIPOS!B12 | D12: =BASE_EQUIPOS!D12 | E12: =BASE_EQUIPOS!G12 | F12: =BASE_EQUIPOS!H12 | G12: =BASE_EQUIPOS!M12 | I12: 02/000674
A13: =TRIM(BASE_EQUIPOS!N13) | B13: =BASE_EQUIPOS!A13 | C13: =BASE_EQUIPOS!B13 | D13: =BASE_EQUIPOS!D13 | E13: =BASE_EQUIPOS!G13 | F13: =BASE_EQUIPOS!H13 | G13: =BASE_EQUIPOS!M13 | I13: 03/015357
... A3993: =TRIM(BASE_EQUIPOS!N3993) | B3993: =BASE_EQUIPOS!A3993 | C3993: =BASE_EQUIPOS!B3993 | D3993: =BASE_EQUIPOS!D3993 | E3993: =BASE_EQUIPOS!G3993 | F3993: =BASE_EQUIPOS!H3993 | G3993: =BASE_EQUIPOS!M3993 | I3993: 07/000586
A3994: =TRIM(BASE_EQUIPOS!N3994) | B3994: =BASE_EQUIPOS!A3994 | C3994: =BASE_EQUIPOS!B3994 | D3994: =BASE_EQUIPOS!D3994 | E3994: =BASE_EQUIPOS!G3994 | F3994: =BASE_EQUIPOS!H3994 | G3994: =BASE_EQUIPOS!M3994
A3995: =TRIM(BASE_EQUIPOS!N3995) | B3995: =BASE_EQUIPOS!A3995 | C3995: =BASE_EQUIPOS!B3995 | D3995: =BASE_EQUIPOS!D3995 | E3995: =BASE_EQUIPOS!G3995 | F3995: =BASE_EQUIPOS!H3995 | G3995: =BASE_EQUIPOS!M3995
A3996: =TRIM(BASE_EQUIPOS!N3996) | B3996: =BASE_EQUIPOS!A3996 | C3996: =BASE_EQUIPOS!B3996 | D3996: =BASE_EQUIPOS!D3996 | E3996: =BASE_EQUIPOS!G3996 | F3996: =BASE_EQUIPOS!H3996 | G3996: =BASE_EQUIPOS!M3996
A3997: =TRIM(BASE_EQUIPOS!N3997) | B3997: =BASE_EQUIPOS!A3997 | C3997: =BASE_EQUIPOS!B3997 | D3997: =BASE_EQUIPOS!D3997 | E3997: =BASE_EQUIPOS!G3997 | F3997: =BASE_EQUIPOS!H3997 | G3997: =BASE_EQUIPOS!M3997
A3998: =TRIM(BASE_EQUIPOS!N3998) | B3998: =BASE_EQUIPOS!A3998 | C3998: =BASE_EQUIPOS!B3998 | D3998: =BASE_EQUIPOS!D3998 | E3998: =BASE_EQUIPOS!G3998 | F3998: =BASE_EQUIPOS!H3998 | G3998: =BASE_EQUIPOS!M3998
A3999: =TRIM(BASE_EQUIPOS!N3999) | B3999: =BASE_EQUIPOS!A3999 | C3999: =BASE_EQUIPOS!B3999 | D3999: =BASE_EQUIPOS!D3999 | E3999: =BASE_EQUIPOS!G3999 | F3999: =BASE_EQUIPOS!H3999 | G3999: =BASE_EQUIPOS!M3999
A4000: =TRIM(BASE_EQUIPOS!N4000) | B4000: =BASE_EQUIPOS!A4000 | C4000: =BASE_EQUIPOS!B4000 | D4000: =BASE_EQUIPOS!D4000 | E4000: =BASE_EQUIPOS!G4000 | F4000: =BASE_EQUIPOS!H4000 | G4000: =BASE_EQUIPOS!M4000
A4001: =TRIM(BASE_EQUIPOS!N4001) | B4001: =BASE_EQUIPOS!A4001 | C4001: =BASE_EQUIPOS!B4001 | D4001: =BASE_EQUIPOS!D4001 | E4001: =BASE_EQUIPOS!G4001 | F4001: =BASE_EQUIPOS!H4001 | G4001: =BASE_EQUIPOS!M4001
A4002: =TRIM(BASE_EQUIPOS!N4002) | B4002: =BASE_EQUIPOS!A4002 | C4002: =BASE_EQUIPOS!B4002 | D4002: =BASE_EQUIPOS!D4002 | E4002: =BASE_EQUIPOS!G4002 | F4002: =BASE_EQUIPOS!H4002 | G4002: =BASE_EQUIPOS!M4002
A4003: =TRIM(BASE_EQUIPOS!N4003) | B4003: =BASE_EQUIPOS!A4003 | C4003: =BASE_EQUIPOS!B4003 | D4003: =BASE_EQUIPOS!D4003 | E4003: =BASE_EQUIPOS!G4003 | F4003: =BASE_EQUIPOS!H4003 | G4003: =BASE_EQUIPOS!M4003
A4004: =TRIM(BASE_EQUIPOS!N4004) | B4004: =BASE_EQUIPOS!A4004 | C4004: =BASE_EQUIPOS!B4004 | D4004: =BASE_EQUIPOS!D4004 | E4004: =BASE_EQUIPOS!G4004 | F4004: =BASE_EQUIPOS!H4004 | G4004: =BASE_EQUIPOS!M4004
A4005: =TRIM(BASE_EQUIPOS!N4005) | B4005: =BASE_EQUIPOS!A4005 | C4005: =BASE_EQUIPOS!B4005 | D4005: =BASE_EQUIPOS!D4005 | E4005: =BASE_EQUIPOS!G4005 | F4005: =BASE_EQUIPOS!H4005 | G4005: =BASE_EQUIPOS!M4005
... A5568: =TRIM(BASE_EQUIPOS!N5568) | B5568: =BASE_EQUIPOS!A5568 | C5568: =BASE_EQUIPOS!B5568 | D5568: =BASE_EQUIPOS!D5568 | E5568: =BASE_EQUIPOS!G5568 | F5568: =BASE_EQUIPOS!H5568 | G5568: =BASE_EQUIPOS!M5568
